{"FMA-HPO": 0.6293889071450042, "GO-HPO-PATO": 0.7407200017490877, "FMA-PATO": -0.22741870627229507, "FMA-GO": 0.5641688999269925, "FMA-GO-PATO": 0.13388362694921155, "GO-HPO": 1.0433073565271709, "FMA-GO-HPO-PATO": 0.0019264757059196764, "HPO": 0.7284015157113255, "GO-PATO": 0.5803874104851208, "FMA-HPO-PATO": 0.9812115350962132, "GO": 0.1688110228281809, "FMA-GO-HPO": 1.6138560240273452, "HPO-PATO": 0.8528408656431637, "PATO": -0.4576060382561057, "FMA": 0.13657600240070167}
