{"r4": {"method": 3.1078167064241997, "No-SP-Cat": -1.4719043760287813, "findings": 2.5523918295092884, "findings-method": 3.549320526293352}, "r5": {"findings": 6.0803734164640195}, "r0": {"goal": 1.3859121582861869, "findings": 2.2227340216642624, "No-SP-Cat": -1.8123760459966207, "findings-goal-method": 0.28327081272022564, "findings-goal": 0.8135868757691187, "method": 3.1694700585321844, "goal-method": 1.9356094127300452, "findings-method": 2.257368266601214}, "r1": {"goal": 1.1555827463219506, "findings": 1.9049331739852386, "No-SP-Cat": -2.0614535387812105, "findings-goal-method": 0.3960942417510015, "findings-goal": 0.13474041635304518, "method": 3.0039391587260256, "goal-method": 2.0755830245568014, "findings-method": 1.9716721007204896}, "r2": {"goal": 0.42731140566802456, "goal-method": 0.7802406277012103, "findings-goal-method": 0.6223771415235692, "findings-method": 2.69659736368947, "method": 2.679384644730807, "findings": 3.0365532358081797, "No-SP-Cat": -1.8833447786758644}, "r3": {"No-SP-Cat": -1.79156427783233, "goal-method": 1.1220443682372676, "findings-goal-method": 0.08370475190314412, "method": 2.326840437489775, "findings": 3.031991786067783, "findings-method": 2.621271952991176}}