{"method": 1.8975025880959298, "No-SP-Cat": -0.2451539379103631, "findings": 1.1468587416393012, "goal": 1.585034644546698}