{"goal": {"max": 28, "r0": 1.0, "r1": 0.5714285714285714, "r2": 0.07142857142857142}, "goal-method": {"max": 88, "r0": 0.75, "r1": 1.0, "r2": 0.13636363636363635, "r3": 0.11363636363636363}, "No-SP-Cat": {"r4": 0.04487179487179487, "r0": 1.0, "r1": 0.8974358974358975, "r2": 0.4807692307692308, "r3": 0.4935897435897436, "max": 156}, "findings-goal-method": {"max": 6, "r0": 0.5, "r1": 1.0, "r2": 0.6666666666666666, "r3": 0.16666666666666666}, "findings-goal": {"max": 7, "r0": 1.0, "r1": 0.14285714285714285}, "method": {"r4": 0.010752688172043012, "r0": 0.6308243727598566, "r1": 1.0, "r2": 0.2007168458781362, "r3": 0.08960573476702509, "max": 279}, "findings": {"r4": 0.03875968992248062, "r5": 0.007751937984496124, "r0": 0.6511627906976745, "r1": 0.5038759689922481, "r2": 0.7674418604651163, "r3": 1.0, "max": 129}, "findings-method": {"r4": 0.0759493670886076, "r0": 0.9620253164556962, "r1": 1.0, "r2": 0.6708860759493671, "r3": 0.7341772151898734, "max": 79}}
